epoch,loss,l1,dssim,mse,rmse,psnr,ssim,active_gaussians
1,0.3342007100582123,0.29474779963493347,0.4920123517513275,0.12175392359495163,0.3489325487754784,9.145170341247587,0.5079876482486725,128
2,0.3340023159980774,0.2946365773677826,0.4914652109146118,0.12168172746896744,0.3488290805953074,9.147746330416485,0.5085347890853882,128
3,0.33382925391197205,0.29453712701797485,0.4909977614879608,0.12160257250070572,0.3487156040396038,9.150572371153217,0.5090022385120392,128
4,0.3337115943431854,0.2944498360157013,0.4907586872577667,0.12154833227396011,0.34863782392901677,9.152509952390348,0.5092413127422333,128
5,0.333581805229187,0.294365793466568,0.49044594168663025,0.12148675322532654,0.34854949896008536,9.154710740932279,0.5095540583133698,128
6,0.33347898721694946,0.2942948639392853,0.4902155101299286,0.12141281366348267,0.34844341529649064,9.157354759205331,0.5097844898700714,128
7,0.3333922326564789,0.294224351644516,0.4900636672973633,0.12134263664484024,0.34834270000222517,9.159865721800653,0.5099363327026367,128
8,0.33327314257621765,0.29413408041000366,0.489829421043396,0.12126194685697556,0.34822686119392854,9.162754631018528,0.510170578956604,128
9,0.33315494656562805,0.29404938220977783,0.48957714438438416,0.12118615955114365,0.34811802531777014,9.165469769548883,0.5104228556156158,128
10,0.33305656909942627,0.29396000504493713,0.48944273591041565,0.12112795561552048,0.34803441728587775,9.167556123330963,0.5105572640895844,128
11,0.33296504616737366,0.29387161135673523,0.489338755607605,0.12107209116220474,0.3479541509483753,9.169559560121547,0.510661244392395,128
12,0.332861989736557,0.2937859892845154,0.4891660213470459,0.12101182341575623,0.34786753716861285,9.171721946687715,0.5108339786529541,128
13,0.3327447772026062,0.29369693994522095,0.48893603682518005,0.12094316631555557,0.34776884034593375,9.174186653083677,0.51106396317482,128
14,0.33263659477233887,0.2936103343963623,0.4887416660785675,0.12088864296674728,0.34769044129332527,9.17614497196441,0.5112583339214325,128
15,0.3325289487838745,0.2935231626033783,0.4885520040988922,0.12083625793457031,0.34761510026834325,9.178027320920705,0.5114479959011078,128
16,0.33241838216781616,0.2934359014034271,0.48834821581840515,0.12079428881406784,0.34755472779703034,9.179535984279543,0.5116517841815948,128
17,0.3323107659816742,0.29334571957588196,0.488170862197876,0.12075308710336685,0.34749544903979224,9.181017571541103,0.511829137802124,128
18,0.33219683170318604,0.2932502031326294,0.48798322677612305,0.12070436030626297,0.34742533054782143,9.182770408705565,0.512016773223877,128
19,0.332083135843277,0.2931549549102783,0.4877958297729492,0.12064249068498611,0.34733627896461683,9.18499704937429,0.5122041702270508,128
20,0.33196350932121277,0.29305601119995117,0.48759353160858154,0.12057927250862122,0.34724526275907813,9.187273403331211,0.5124064683914185,128
21,0.33185243606567383,0.2929588854312897,0.48742666840553284,0.12051796913146973,0.34715698053109884,9.189481949458866,0.5125733315944672,128
22,0.33173930644989014,0.29286137223243713,0.48725101351737976,0.12045218795537949,0.3470622249040934,9.191853064855094,0.5127489864826202,128
23,0.33161991834640503,0.29276028275489807,0.4870584011077881,0.12038060277700424,0.3469590793984274,9.194434860195312,0.5129415988922119,128
24,0.3314974904060364,0.2926511764526367,0.48688268661499023,0.12030350416898727,0.34684795540551666,9.197217220989009,0.5131173133850098,128
25,0.3313778042793274,0.29254278540611267,0.48671796917915344,0.12022959440946579,0.34674139413901217,9.199886176063568,0.5132820308208466,128
26,0.33125054836273193,0.2924349009990692,0.4865131676197052,0.12015081197023392,0.34662777149304397,9.202732895589602,0.5134868323802948,128
27,0.33111828565597534,0.2923281490802765,0.486278772354126,0.12007308751344681,0.34651563819465175,9.205543215787875,0.513721227645874,128
28,0.33098942041397095,0.29222235083580017,0.4860576093196869,0.12000425904989243,0.34641630886823505,9.208033398484536,0.5139423906803131,128
29,0.3308631181716919,0.2921169698238373,0.4858476221561432,0.11993920058012009,0.346322393991668,9.210388497901342,0.5141523778438568,128
30,0.3307269811630249,0.29200419783592224,0.48561811447143555,0.11987360566854477,0.34622767894630374,9.212764310041685,0.5143818855285645,128
31,0.3305971622467041,0.29189321398735046,0.48541298508644104,0.11980696767568588,0.34613143121607126,9.215179233612792,0.514587014913559,128
32,0.33047229051589966,0.29177916049957275,0.48524484038352966,0.11973873525857925,0.34603285286021507,9.217653330426055,0.5147551596164703,128
33,0.3303396701812744,0.29165735840797424,0.4850688874721527,0.11966022104024887,0.3459193851755765,9.220501988874116,0.5149311125278473,128
34,0.3302013874053955,0.29153135418891907,0.4848814904689789,0.1195724606513977,0.34579251098223296,9.22368833064114,0.5151185095310211,128
35,0.3300635516643524,0.29140615463256836,0.48469316959381104,0.11948088556528091,0.3456600722751775,9.227015668000929,0.515306830406189,128
36,0.32992517948150635,0.2912796437740326,0.48450732231140137,0.11939188838005066,0.34553131316864855,9.23025178298951,0.5154926776885986,128
37,0.3297843039035797,0.2911551892757416,0.484300822019577,0.1193147525191307,0.34541967592934064,9.23305854863006,0.515699177980423,128
38,0.32964032888412476,0.29103004932403564,0.4840814173221588,0.1192464604973793,0.3453208080863059,9.235545025674247,0.5159185826778412,128
39,0.3294929265975952,0.29090023040771484,0.4838637411594391,0.1191776767373085,0.345221199721727,9.238050846485299,0.5161362588405609,128
40,0.3293425142765045,0.2907688319683075,0.4836371839046478,0.11910554766654968,0.3451167160056865,9.240680092285057,0.5163628160953522,128
41,0.3291965425014496,0.29063549637794495,0.483440637588501,0.11902832984924316,0.34500482583471664,9.243496598147884,0.516559362411499,128
42,0.32905274629592896,0.2905014753341675,0.48325785994529724,0.11894985288381577,0.3448910739404773,9.246360903930624,0.5167421400547028,128
43,0.3289031684398651,0.29036664962768555,0.4830492436885834,0.11886816471815109,0.3447726275651115,9.249344422278654,0.5169507563114166,128
44,0.3287464380264282,0.29022809863090515,0.4828197956085205,0.11878460645675659,0.34465142746948924,9.252398364643934,0.5171802043914795,128
45,0.328585147857666,0.29008597135543823,0.48258182406425476,0.1186942383646965,0.3445203018178994,9.255703616159085,0.5174181759357452,128
46,0.32843390107154846,0.2899444103240967,0.4823918044567108,0.11860417574644089,0.34438956974107227,9.259000199503374,0.5176081955432892,128
47,0.32827842235565186,0.2897975444793701,0.4822019636631012,0.11851680278778076,0.3442626944468145,9.26220072572704,0.5177980363368988,128
48,0.32811450958251953,0.28964850306510925,0.48197856545448303,0.11843359470367432,0.3441418235316282,9.265250884208701,0.518021434545517,128
49,0.3279532492160797,0.2895006537437439,0.4817635715007782,0.11835397034883499,0.3440261187015239,9.268171681100915,0.5182364284992218,128
50,0.3277932107448578,0.28935104608535767,0.4815618097782135,0.11827326565980911,0.3439088042778334,9.271134112901098,0.5184381902217865,128
51,0.3276258409023285,0.28919628262519836,0.4813441038131714,0.1181829571723938,0.34377748206128017,9.274451469421264,0.5186558961868286,128
52,0.3274582624435425,0.28904104232788086,0.4811270534992218,0.11808744817972183,0.3436385429193324,9.277962618492342,0.5188729465007782,128
53,0.3272939920425415,0.28888532519340515,0.4809286892414093,0.11799860745668411,0.3435092538152125,9.281231175584212,0.5190713107585907,128
54,0.32712480425834656,0.28872543573379517,0.4807222783565521,0.1179058626294136,0.3433742311668329,9.284645995891347,0.5192777216434479,128
55,0.3269520401954651,0.28856396675109863,0.48050424456596375,0.11781740188598633,0.3432453960157169,9.287905582049326,0.5194957554340363,128
56,0.3267802596092224,0.28840261697769165,0.48029085993766785,0.11773055791854858,0.3431188684968353,9.291107975103634,0.5197091400623322,128
57,0.32660460472106934,0.28823742270469666,0.48007330298423767,0.11762109398841858,0.3429593182702849,9.295147851928403,0.5199266970157623,128
58,0.3264271020889282,0.28806939721107483,0.4798579216003418,0.11752095073461533,0.342813288445205,9.2988470342818,0.5201420783996582,128
59,0.3262491524219513,0.28790098428726196,0.47964179515838623,0.11743298172950745,0.3426849598822619,9.30209911479383,0.5203582048416138,128
60,0.3260737657546997,0.28773370385169983,0.47943392395973206,0.11735133081674576,0.3425658050896875,9.305119805730934,0.5205660760402679,128
61,0.32588937878608704,0.28755465149879456,0.4792282283306122,0.11724407225847244,0.3424092175430919,9.309091051764781,0.5207717716693878,128
62,0.32571306824684143,0.28738194704055786,0.4790375530719757,0.11714980751276016,0.3422715406117782,9.312584202790138,0.5209624469280243,128
63,0.32551777362823486,0.2871992886066437,0.47879159450531006,0.11704384535551071,0.342116713060778,9.316514179774684,0.5212084054946899,128
64,0.32534006237983704,0.2870294451713562,0.4785825312137604,0.11695943027734756,0.34199331905367325,9.319647555074283,0.5214174687862396,128
65,0.3251638114452362,0.28686007857322693,0.4783788025379181,0.11686784774065018,0.34185939761932854,9.323049535601388,0.5216211974620819,128
66,0.3249718248844147,0.2866710424423218,0.4781748950481415,0.11676307767629623,0.3417061276540066,9.326944658967228,0.5218251049518585,128
67,0.32477253675460815,0.28647491335868835,0.47796306014060974,0.11665091663599014,0.341541969069674,9.331118438242152,0.5220369398593903,128
68,0.32458367943763733,0.2862915098667145,0.47775229811668396,0.11654844880104065,0.341391928435692,9.334935019649532,0.522247701883316,128
69,0.32438939809799194,0.2861007750034332,0.4775438606739044,0.11643923074007034,0.3412319310089112,9.339006720327497,0.5224561393260956,128
70,0.3241955041885376,0.2859066426753998,0.47735095024108887,0.11633255332708359,0.3410755830121582,9.34298739308758,0.5226490497589111,128
71,0.3239985704421997,0.28571367263793945,0.4771381914615631,0.1162262037396431,0.34091964410934594,9.346959468165771,0.5228618085384369,128
72,0.3238077759742737,0.2855267822742462,0.4769316613674164,0.11612918227910995,0.34077732066425714,9.350586316509618,0.5230683386325836,128
73,0.32359591126441956,0.2853202521800995,0.47669848799705505,0.116007961332798,0.3405994147569811,9.355122048447658,0.523301512002945,128
74,0.32339945435523987,0.2851298153400421,0.4764779806137085,0.11590788513422012,0.3404524711824253,9.35887017899885,0.5235220193862915,128
75,0.32319408655166626,0.2849262058734894,0.47626566886901855,0.11579418927431107,0.3402854526339777,9.363132332336953,0.5237343311309814,128
76,0.3229861855506897,0.28471818566322327,0.47605812549591064,0.1156623587012291,0.3400916916086441,9.368079550039637,0.5239418745040894,128
77,0.3227759301662445,0.284506231546402,0.47585466504096985,0.11553439497947693,0.3399035083365233,9.372887052133231,0.5241453349590302,128
78,0.32257384061813354,0.2843047082424164,0.4756503999233246,0.11541831493377686,0.3397327110152581,9.377252701492965,0.5243496000766754,128
79,0.32236000895500183,0.284100204706192,0.4753991663455963,0.11531367897987366,0.3395786786296714,9.381191714864617,0.5246008336544037,128
80,0.322146475315094,0.2838887572288513,0.4751773774623871,0.11519813537597656,0.33940850810782064,9.385545500712077,0.5248226225376129,128
81,0.3219289183616638,0.2836747169494629,0.47494566440582275,0.11509332805871964,0.3392540759647843,9.38949851242792,0.5250543355941772,128
82,0.3217117488384247,0.2834636867046356,0.47470393776893616,0.11498519033193588,0.33909466278892664,9.393580911929929,0.5252960622310638,128
83,0.32149073481559753,0.2832429111003876,0.4744820296764374,0.11486133933067322,0.3389119934889782,9.398261235941304,0.5255179703235626,128
84,0.32127895951271057,0.2830217182636261,0.4743078649044037,0.11472928524017334,0.33871711683966216,9.403257116691954,0.5256921350955963,128
85,0.32105955481529236,0.2828010618686676,0.4740935266017914,0.11460132151842117,0.33852816946071296,9.408103739194328,0.5259064733982086,128
86,0.3208291530609131,0.2825808823108673,0.47382214665412903,0.11448726803064346,0.338359672583249,9.412428075428652,0.526177853345871,128
87,0.3206140697002411,0.28236523270606995,0.4736093580722809,0.11438089609146118,0.3382024483818253,9.416465050136729,0.5263906419277191,128
88,0.3203825056552887,0.28213486075401306,0.47337308526039124,0.11425310373306274,0.3380134667924678,9.421319929275917,0.5266269147396088,128
89,0.32015565037727356,0.2819114327430725,0.473132461309433,0.11411555856466293,0.3378099444431187,9.426551392666585,0.526867538690567,128
90,0.31993329524993896,0.28168269991874695,0.4729357063770294,0.1139933243393898,0.3376289743777773,9.431205806286481,0.5270642936229706,128
91,0.31969621777534485,0.28145062923431396,0.4726785123348236,0.11386895924806595,0.33744474991925116,9.435946483626203,0.5273214876651764,128
92,0.3194725811481476,0.281223326921463,0.47246959805488586,0.11373569816350937,0.3372472359612594,9.441032017542414,0.5275304019451141,128
93,0.31922537088394165,0.28097018599510193,0.47224608063697815,0.1135980486869812,0.33704309618649836,9.446291282053231,0.5277539193630219,128
94,0.31900808215141296,0.2807460129261017,0.47205638885498047,0.11347830295562744,0.3368654077753123,9.45087167228383,0.5279436111450195,128
95,0.3187682628631592,0.28050708770751953,0.4718128442764282,0.11334279924631119,0.336664223294236,9.456060653345215,0.5281871557235718,128
96,0.31856441497802734,0.2802905738353729,0.4716598093509674,0.11323767900466919,0.3365080667750317,9.460090404228351,0.5283401906490326,128
97,0.3183192014694214,0.28004077076911926,0.4714328944683075,0.11312860250473022,0.3363459565755626,9.46427577365152,0.5285671055316925,128
98,0.31809401512145996,0.2798079252243042,0.4712384045124054,0.1130158081650734,0.33617823868459035,9.468608046394994,0.5287615954875946,128
99,0.31788328289985657,0.279585599899292,0.4710739850997925,0.11290934681892395,0.33601986075070617,9.472701046003937,0.5289260149002075,128
100,0.31762364506721497,0.27933308482170105,0.47078588604927063,0.11275172233581543,0.3357852324564251,9.478768149608104,0.5292141139507294,128
101,0.31737780570983887,0.2790834903717041,0.47055503726005554,0.11258196085691452,0.3355323544114852,9.48531191051991,0.5294449627399445,128
102,0.3171667456626892,0.27887028455734253,0.47035253047943115,0.11243623495101929,0.33531512782906064,9.49093705255476,0.5296474695205688,128
103,0.31693434715270996,0.27863404154777527,0.47013553977012634,0.11233973503112793,0.3351712025683709,9.49466604415949,0.5298644602298737,128
104,0.31669381260871887,0.2783719599246979,0.46998122334480286,0.11222045868635178,0.33499322185135594,9.4992796012041,0.5300187766551971,128
105,0.316426545381546,0.278114914894104,0.4696730077266693,0.1121206283569336,0.33484418519205855,9.50314476603747,0.5303269922733307,128
106,0.3162340223789215,0.27790066599845886,0.4695674479007721,0.11204531043767929,0.334731699182613,9.506063153915502,0.5304325520992279,128
107,0.31600555777549744,0.2776603698730469,0.4693862497806549,0.11188986152410507,0.33449941931803867,9.512092632498543,0.5306137502193451,128
108,0.31579428911209106,0.27743372321128845,0.46923649311065674,0.11173388361930847,0.33426618677232145,9.518151054803687,0.5307635068893433,128
109,0.3155287802219391,0.2771798372268677,0.46892452239990234,0.1115545853972435,0.33399788232448946,9.52512573159442,0.5310754776000977,128
110,0.3152911365032196,0.27693066000938416,0.4687329828739166,0.11139944940805435,0.3337655605482003,9.531169552682597,0.5312670171260834,128
111,0.31502729654312134,0.27666375041007996,0.4684814512729645,0.1112457886338234,0.3335352884386049,9.537164204753852,0.5315185487270355,128
112,0.314759224653244,0.2763977646827698,0.468205064535141,0.11109333485364914,0.33330666788057084,9.543119957817304,0.531794935464859,128
113,0.31449857354164124,0.276131808757782,0.46796557307243347,0.1109301820397377,0.3330618291544945,9.54950273928752,0.5320344269275665,128
114,0.3142470121383667,0.2758829593658447,0.4677032232284546,0.1107725128531456,0.3328250484160494,9.555679918975715,0.5322967767715454,128
115,0.3139882981777191,0.2756298780441284,0.46742188930511475,0.1106286272406578,0.33260882014862114,9.561324762199487,0.5325781106948853,128
116,0.313742071390152,0.2753664553165436,0.4672445058822632,0.11049600690603256,0.3324093965369098,9.566534157940668,0.5327554941177368,128
117,0.31351935863494873,0.27512815594673157,0.467084139585495,0.11036515980958939,0.33221252205416546,9.571680031196731,0.532915860414505,128
118,0.31325390934944153,0.2748645544052124,0.46681132912635803,0.11021266132593155,0.3319829232444518,9.577685100981379,0.533188670873642,128
119,0.31299522519111633,0.27460747957229614,0.4665461480617523,0.11008437722921371,0.33178965811069777,9.582743097396833,0.5334538519382477,128
120,0.3127341568470001,0.2743166387081146,0.46640416979789734,0.10990189760923386,0.33151455112744876,9.589948084178841,0.5335958302021027,128
121,0.3125363290309906,0.2740837335586548,0.4663466513156891,0.10977554321289062,0.3313239249026406,9.594944047614346,0.5336533486843109,128
122,0.312315434217453,0.27384576201438904,0.46619412302970886,0.10968431830406189,0.3311862290374736,9.598554591837637,0.5338058769702911,128
123,0.3120831847190857,0.27358534932136536,0.46607446670532227,0.10954374074935913,0.3309739275975664,9.604124322725436,0.5339255332946777,128
124,0.3118399381637573,0.2733303904533386,0.4658781588077545,0.10938823968172073,0.33073892979466557,9.610293660504894,0.5341218411922455,128
125,0.31156018376350403,0.2730669677257538,0.4655330181121826,0.10924119502305984,0.3305165578651996,9.616135572277374,0.5344669818878174,128
126,0.31128931045532227,0.27280569076538086,0.4652237594127655,0.10910055786371231,0.33030373577014277,9.621730283306158,0.5347762405872345,128
127,0.3110244870185852,0.2725330889225006,0.4649900496006012,0.10889142006635666,0.32998699984447366,9.630063380697578,0.5350099503993988,128
128,0.31080299615859985,0.27230238914489746,0.4648055136203766,0.10876820236444473,0.329800246155828,9.634980486873065,0.5351944863796234,128
129,0.31054848432540894,0.27206292748451233,0.464490681886673,0.10865917801856995,0.3296349162612631,9.63933584227015,0.535509318113327,128
130,0.3103329837322235,0.27185705304145813,0.46423661708831787,0.1085590198636055,0.3294829583811665,9.643340860034353,0.5357633829116821,128
131,0.31010663509368896,0.2716308534145355,0.46400976181030273,0.10839379578828812,0.3292321305527274,9.64995574703442,0.5359902381896973,128
132,0.30986469984054565,0.271402508020401,0.4637134373188019,0.10821069031953812,0.3289539334307132,9.657298320125332,0.5362865626811981,128
133,0.3095795810222626,0.27111077308654785,0.4634547531604767,0.10801547765731812,0.3286570821651621,9.665140091151356,0.5365452468395233,128
134,0.30935072898864746,0.2708570659160614,0.46332529187202454,0.10783952474594116,0.32838928841535187,9.672220343588336,0.5366747081279755,128
135,0.30911049246788025,0.2705928087234497,0.4631812274456024,0.10769843310117722,0.3281743943411448,9.677906147803153,0.5368187725543976,128
136,0.30888208746910095,0.27033722400665283,0.4630615711212158,0.1076098382472992,0.32803938520747655,9.681480210059012,0.5369384288787842,128
137,0.3086503744125366,0.2701001763343811,0.4628511965274811,0.1074967160820961,0.3278669182489995,9.686048024067759,0.5371488034725189,128
138,0.3083813488483429,0.26983439922332764,0.46256914734840393,0.10735753923654556,0.3276546035637918,9.691674512064438,0.5374308526515961,128
139,0.30811503529548645,0.2695806920528412,0.4622523784637451,0.10721498727798462,0.3274369974178004,9.697445012048169,0.5377476215362549,128
140,0.3078937828540802,0.26934823393821716,0.4620760381221771,0.10708741098642349,0.3272421289907879,9.702615806811908,0.5379239618778229,128
141,0.3076445460319519,0.2690797746181488,0.4619036018848419,0.1069355383515358,0.3270099973265891,9.708779394268026,0.5380963981151581,128
142,0.30735814571380615,0.26879873871803284,0.4615957736968994,0.10676517337560654,0.32674940455279566,9.715703899475603,0.5384042263031006,128
143,0.3071092963218689,0.26854583621025085,0.4613630771636963,0.10660403966903687,0.3265027406761494,9.722263373717547,0.5386369228363037,128
144,0.30690860748291016,0.2683138847351074,0.4612875282764435,0.10645665973424911,0.3262769678267976,9.72827164298067,0.5387124717235565,128
145,0.3067035675048828,0.26807716488838196,0.46120917797088623,0.10631843656301498,0.3260650802570171,9.733914180098095,0.5387908220291138,128
146,0.30647724866867065,0.2678547203540802,0.4609673321247101,0.10622060298919678,0.3259150241845208,9.737912371141448,0.5390326678752899,128
147,0.3062549829483032,0.26763367652893066,0.46074020862579346,0.10611149668693542,0.32574759659425795,9.742375593537972,0.5392597913742065,128
148,0.3059944212436676,0.2673569917678833,0.4605441987514496,0.10595814138650894,0.32551212171977395,9.748656678647304,0.5394558012485504,128
149,0.30575937032699585,0.2671181261539459,0.46032437682151794,0.10580214112997055,0.32527241064985907,9.755055429345694,0.5396756231784821,128
150,0.30551251769065857,0.2668723165988922,0.4600732624530792,0.10566294193267822,0.32505836696303975,9.760773011753942,0.5399267375469208,128
151,0.3053031861782074,0.2666538655757904,0.45990046858787537,0.1055588647723198,0.32489823756419456,9.765052886143447,0.5400995314121246,128
152,0.3050459921360016,0.2664210796356201,0.4595456123352051,0.10542286187410355,0.3246888693412565,9.770651979229115,0.5404543876647949,128
153,0.30485448241233826,0.2662333846092224,0.45933887362480164,0.10527625679969788,0.32446302840184715,9.77669564808248,0.5406611263751984,128
154,0.30469241738319397,0.2660537660121918,0.45924702286720276,0.10513559728860855,0.3242461985723326,9.782502132588753,0.5407529771327972,128
155,0.30444034934043884,0.2658076286315918,0.45897117257118225,0.104979008436203,0.3240046426151993,9.788975331995163,0.5410288274288177,128
156,0.3041737377643585,0.2655256688594818,0.4587659537792206,0.1048477366566658,0.323802002243139,9.794409397785111,0.5412340462207794,128
157,0.30396440625190735,0.2652990520000458,0.45862582325935364,0.10471896082162857,0.3236030914896033,9.799746757415043,0.5413741767406464,128
158,0.30372267961502075,0.2650773525238037,0.45830392837524414,0.10455688834190369,0.3233525759011418,9.806473496109344,0.5416960716247559,128
159,0.3035052716732025,0.2648635804653168,0.45807209610939026,0.10442783683538437,0.32315296197835536,9.81183717655876,0.5419279038906097,128
160,0.3032994866371155,0.264635294675827,0.4579562246799469,0.10427827388048172,0.3229214670480761,9.81806165909502,0.5420437753200531,128
161,0.30307385325431824,0.26441022753715515,0.4577283561229706,0.10411307960748672,0.32266558478940194,9.824947067242878,0.5422716438770294,128
162,0.3028838634490967,0.2642005980014801,0.4576169550418854,0.10398941487073898,0.32247389796809756,9.83010865064249,0.5423830449581146,128
163,0.30264613032341003,0.26395371556282043,0.4574158191680908,0.10382159799337387,0.3222135906403916,9.837122904466494,0.5425841808319092,128
164,0.3024204969406128,0.2637108862400055,0.457258939743042,0.10367447882890701,0.32198521523341256,9.843281387357706,0.542741060256958,128
165,0.3022034764289856,0.26349112391471863,0.45705291628837585,0.10354510694742203,0.3217842552820477,9.848704185717004,0.5429470837116241,128
166,0.3020136058330536,0.2632863521575928,0.4569225311279297,0.1034170612692833,0.32158523173380227,9.854078070129601,0.5430774688720703,128
167,0.3018708825111389,0.26312538981437683,0.45685288310050964,0.10333175212144852,0.32145256589650756,9.857662061120378,0.5431471168994904,128
168,0.30165895819664,0.26290157437324524,0.4566885232925415,0.10321452468633652,0.32127017397563773,9.862591826439893,0.5433114767074585,128
169,0.3014671802520752,0.2626941502094269,0.4565592110157013,0.10309384018182755,0.32108229503014885,9.867672824519687,0.5434407889842987,128
170,0.30127182602882385,0.2624828517436981,0.4564276933670044,0.10297095775604248,0.32089088138500055,9.872852473469877,0.5435723066329956,128
171,0.30109310150146484,0.26227816939353943,0.45635274052619934,0.10285204648971558,0.32070554483780844,9.877870621240742,0.5436472594738007,128
172,0.300905704498291,0.2620750963687897,0.456228107213974,0.10272371768951416,0.3205054097663785,9.883292709511142,0.543771892786026,128
173,0.3007255792617798,0.261889785528183,0.4560687839984894,0.10259946435689926,0.32031151143363434,9.88854906124987,0.5439312160015106,128
174,0.30052363872528076,0.26168015599250793,0.45589759945869446,0.10247380286455154,0.32011529620521345,9.893871461407729,0.5441024005413055,128
175,0.30034247040748596,0.26147881150245667,0.45579707622528076,0.10235785692930222,0.31993414467559134,9.898788151069628,0.5442029237747192,128
176,0.30016690492630005,0.2612937390804291,0.4556596279144287,0.10225724428892136,0.31977686640675146,9.903059147466855,0.5443403720855713,128
177,0.29998570680618286,0.2611120641231537,0.45548033714294434,0.10215867310762405,0.3196227043055985,9.907247561356877,0.5445196628570557,128
178,0.29977947473526,0.26091423630714417,0.4552403688430786,0.1020408645272255,0.31943835794598224,9.91225870120636,0.5447596311569214,128
179,0.29960164427757263,0.26071697473526,0.45514026284217834,0.10189833492040634,0.3192151859175975,9.918329121403596,0.5448597371578217,128
180,0.29940083622932434,0.26051267981529236,0.4549534320831299,0.10176792740821838,0.3190108578218277,9.923890697481898,0.5450465679168701,128
181,0.2991795539855957,0.2602872848510742,0.45474866032600403,0.10164737701416016,0.3188218578048879,9.929038233175646,0.545251339673996,128
182,0.29903218150138855,0.2601090669631958,0.45472463965415955,0.10155376046895981,0.3186750076001565,9.93303989894735,0.5452753603458405,128
183,0.2988576292991638,0.25993165373802185,0.4545615613460541,0.10144466906785965,0.31850379757211633,9.937707698411927,0.5454384386539459,128
184,0.298664927482605,0.2597392499446869,0.45436763763427734,0.1013174057006836,0.3183039517515979,9.943159387084897,0.5456323623657227,128
185,0.2985062301158905,0.25957825779914856,0.4542181193828583,0.10123470425605774,0.31817401568333287,9.946705811065819,0.5457818806171417,128
186,0.2983091473579407,0.2593739926815033,0.45404982566833496,0.1011044979095459,0.31796933485722473,9.95229522774269,0.545950174331665,128
187,0.29811450839042664,0.259185254573822,0.4538314640522003,0.10098548978567123,0.3177821420181934,9.957410233984538,0.5461685359477997,128
188,0.2979312837123871,0.25900283455848694,0.45364511013031006,0.1008845642209053,0.31762330553803086,9.961752772028133,0.5463548898696899,128
189,0.29777735471725464,0.25884684920310974,0.4534994065761566,0.10079716891050339,0.31748569874957105,9.9655166531492,0.5465005934238434,128
190,0.2976137101650238,0.25867921113967896,0.4533516466617584,0.10072024911642075,0.3173645366395255,9.968832083054517,0.5466483533382416,128
191,0.29747605323791504,0.25852644443511963,0.4532744586467743,0.10065144300460815,0.3172561157875576,9.971799939708044,0.5467255413532257,128
192,0.2973172962665558,0.2583429515361786,0.4532146155834198,0.10055053979158401,0.3170970510610025,9.976155931795587,0.5467853844165802,128
193,0.29714587330818176,0.2581535279750824,0.4531152546405792,0.10042208433151245,0.31689443720506116,9.981707683459716,0.5468847453594208,128
194,0.29699161648750305,0.25798916816711426,0.45300135016441345,0.10031986236572266,0.3167331090456485,9.98613071912269,0.5469986498355865,128
195,0.29683056473731995,0.25783446431159973,0.4528149366378784,0.10022763162851334,0.31658747863507386,9.990125314339823,0.5471850633621216,128
196,0.29671722650527954,0.2577098608016968,0.452746719121933,0.10012037307024002,0.31641803531126356,9.99477540351529,0.547253280878067,128
197,0.29659566283226013,0.2575598955154419,0.4527387320995331,0.10003431886434555,0.31628202425105595,9.998509802011643,0.5472612679004669,128
198,0.29647284746170044,0.2574223577976227,0.4526747763156891,0.09997867792844772,0.31619405106429144,10.000926100193766,0.5473252236843109,128
199,0.2963266670703888,0.2572636902332306,0.4525785446166992,0.09987498074769974,0.31603003140160546,10.005432909594454,0.5474214553833008,128
200,0.29614612460136414,0.25706884264945984,0.4524552524089813,0.09976980835199356,0.31586359136816256,10.010008615826427,0.5475447475910187,128
201,0.2960357666015625,0.25695279240608215,0.4523675739765167,0.09973881393671036,0.3158145245816132,10.011358001478804,0.5476324260234833,128
202,0.29591846466064453,0.2568124532699585,0.4523424208164215,0.09967163950204849,0.31570815558367904,10.014283975204837,0.5476575791835785,128
203,0.2958012521266937,0.256679505109787,0.45228826999664307,0.09961917251348495,0.31562505051640777,10.016570696191955,0.5477117300033569,128
204,0.29559341073036194,0.2564801573753357,0.45204636454582214,0.09950949996709824,0.3154512640125226,10.021354556385154,0.5479536354541779,128
205,0.2954407036304474,0.2563227415084839,0.451912522315979,0.09936734288930893,0.31522586012145154,10.027563227441407,0.548087477684021,128
206,0.29530423879623413,0.25617945194244385,0.45180341601371765,0.09927961975336075,0.3150866860934634,10.031398944414763,0.5481965839862823,128
207,0.29520514607429504,0.25607407093048096,0.451729416847229,0.09922760725021362,0.315004138465217,10.033674805494677,0.548270583152771,128
208,0.2950766682624817,0.25593268871307373,0.45165252685546875,0.09915072470903397,0.3148820806413632,10.037041066789172,0.5483474731445312,128
209,0.2949592173099518,0.2558196485042572,0.4515174627304077,0.0990910530090332,0.3147873139264561,10.039655560171036,0.5484825372695923,128
210,0.2947983145713806,0.2556515336036682,0.451385498046875,0.09901569038629532,0.3146675871237699,10.042959796279474,0.548614501953125,128
211,0.29469260573387146,0.25552716851234436,0.4513542652130127,0.0989449992775917,0.3145552404230324,10.046061498921112,0.5486457347869873,128
212,0.2945731580257416,0.25540003180503845,0.4512656033039093,0.09885650873184204,0.31441454917328815,10.04994730936123,0.5487343966960907,128
213,0.2944301962852478,0.2552603483200073,0.45110952854156494,0.09877655655145645,0.3142873789248567,10.053461174064681,0.5488904714584351,128
214,0.2943238615989685,0.25515541434288025,0.4509976804256439,0.09871771931648254,0.31419376078541494,10.056048862958187,0.5490023195743561,128
215,0.29418227076530457,0.25500380992889404,0.45089614391326904,0.09863096475601196,0.3140556714278727,10.059867183760092,0.549103856086731,128
216,0.29408326745033264,0.2548891007900238,0.450859934091568,0.09855050593614578,0.3139275488646159,10.063411413678814,0.549140065908432,128
217,0.293972909450531,0.25476783514022827,0.4507931172847748,0.0984869971871376,0.31382638064244633,10.06621103301389,0.5492068827152252,128
218,0.29382866621017456,0.2546175420284271,0.45067325234413147,0.09839188307523727,0.31367480465481645,10.07040727154045,0.5493267476558685,128
219,0.29372408986091614,0.2544940710067749,0.4506441056728363,0.09826281666755676,0.31346900431710434,10.076107906889531,0.5493558943271637,128
220,0.29362067580223083,0.2543693780899048,0.45062586665153503,0.0981733426451683,0.31332625591413227,10.080064212793765,0.549374133348465,128
221,0.29349303245544434,0.2542320787906647,0.4505368173122406,0.09807804971933365,0.3131741523806421,10.084281782367782,0.5494631826877594,128
222,0.2933602035045624,0.2541050910949707,0.45038068294525146,0.0979793593287468,0.31301654801103856,10.088654042088363,0.5496193170547485,128
223,0.29325181245803833,0.25400039553642273,0.45025745034217834,0.09788668900728226,0.31286848516154875,10.092763607023393,0.5497425496578217,128
224,0.29317134618759155,0.2539082169532776,0.450223833322525,0.0978107675909996,0.3127471304280818,10.096133324171841,0.549776166677475,128
225,0.29305538535118103,0.2537921965122223,0.4501081705093384,0.09776218980550766,0.31266945774332944,10.098290786519946,0.5498918294906616,128
226,0.29295027256011963,0.25367680191993713,0.4500441551208496,0.09767734259366989,0.3125337463277684,10.102061638581548,0.5499558448791504,128
227,0.2928720712661743,0.25358080863952637,0.4500371515750885,0.09759943932294846,0.31240908969322334,10.10552676761785,0.5499628484249115,128
228,0.2927684783935547,0.25347089767456055,0.4499588906764984,0.09750949591398239,0.31226510518145056,10.109530882434743,0.5500411093235016,128
229,0.29262790083885193,0.2533414661884308,0.44977355003356934,0.09740781038999557,0.31210224348760385,10.114062185145134,0.5502264499664307,128
230,0.29247239232063293,0.2531905472278595,0.4495997726917267,0.09732387214899063,0.3119677421609334,10.117806200154309,0.5504002273082733,128
231,0.29236891865730286,0.25308629870414734,0.44949936866760254,0.097269706428051,0.3118809170629889,10.120223944302682,0.5505006313323975,128
232,0.29230883717536926,0.2530205547809601,0.4494619369506836,0.09722572565078735,0.3118104001645669,10.122188063354443,0.5505380630493164,128
233,0.29222285747528076,0.2529171407222748,0.4494457244873047,0.0971723422408104,0.3117247860546389,10.124573284688022,0.5505542755126953,128
234,0.2921215295791626,0.25280579924583435,0.449384480714798,0.09711954742670059,0.31164009277803234,10.126933496122577,0.550615519285202,128
235,0.29200857877731323,0.25268998742103577,0.4492828845977783,0.09706663340330124,0.3115551851651666,10.129300324578086,0.5507171154022217,128
236,0.29188400506973267,0.2525593042373657,0.4491827189922333,0.09697893261909485,0.31141440656959796,10.133225997292417,0.5508172810077667,128
237,0.2918117642402649,0.2524763345718384,0.44915342330932617,0.09693130105733871,0.31133792100760665,10.135359574715086,0.5508465766906738,128
238,0.29173171520233154,0.25240716338157654,0.44902992248535156,0.09690635651350021,0.31129785818970906,10.136477342844048,0.5509700775146484,128
239,0.2916466295719147,0.2523205578327179,0.448950856924057,0.09686362743377686,0.311229220083489,10.138392706972617,0.551049143075943,128
240,0.2915413975715637,0.2522065341472626,0.44888079166412354,0.09679102897644043,0.31111256640714535,10.141648927240679,0.5511192083358765,128
241,0.2914574146270752,0.2521044909954071,0.44886913895606995,0.09673262387514114,0.31101868734071453,10.144270313678916,0.55113086104393,128
242,0.2913723289966583,0.2519994080066681,0.44886401295661926,0.09664231538772583,0.31087347166930446,10.148326731818077,0.5511359870433807,128
243,0.29126545786857605,0.2518821954727173,0.4487985074520111,0.09653515368700027,0.31070106804933945,10.15314507220167,0.5512014925479889,128
244,0.29120147228240967,0.25180783867836,0.4487760365009308,0.09646900743246078,0.3105946030317668,10.156121894491243,0.5512239634990692,128
245,0.291144460439682,0.2517341673374176,0.4487856924533844,0.09642212837934494,0.3105191272358998,10.158232858728049,0.5512143075466156,128
246,0.29105740785598755,0.2516418993473053,0.4487193524837494,0.09636852145195007,0.3104327969979172,10.160648037405606,0.5512806475162506,128
247,0.2909392714500427,0.2515566647052765,0.44846972823143005,0.09631094336509705,0.310340044733349,10.16324362756265,0.55153027176857,128
248,0.29087144136428833,0.2514825761318207,0.4484268128871918,0.09627649933099747,0.3102845457495385,10.164797088564935,0.5515731871128082,128
249,0.290798157453537,0.2513943016529083,0.448413610458374,0.09623994678258896,0.31022563849976836,10.166446253669324,0.551586389541626,128
250,0.2906970977783203,0.2512945532798767,0.4483071565628052,0.09620913118124008,0.3101759680910823,10.167837067890355,0.5516928434371948,128
251,0.2905994951725006,0.2512006163597107,0.4481949806213379,0.09617405384778976,0.3101194186886557,10.169420771009525,0.5518050193786621,128
252,0.2905428409576416,0.25114092230796814,0.44815048575401306,0.09615170955657959,0.31008339129430906,10.170429892433138,0.5518495142459869,128
253,0.2904854118824005,0.25106775760650635,0.4481560289859772,0.09610163420438766,0.3100026358023229,10.17269226656719,0.5518439710140228,128
254,0.2904530465602875,0.25102487206459045,0.44816577434539795,0.09605475515127182,0.309927015846105,10.174811302477059,0.551834225654602,128
255,0.2903877794742584,0.2509409189224243,0.44817519187927246,0.09600245952606201,0.30984263671428763,10.177176399985333,0.5518248081207275,128
256,0.2902902364730835,0.2508264482021332,0.4481453001499176,0.09596499055624008,0.30978216629793276,10.178871746464015,0.5518546998500824,128
257,0.29020076990127563,0.25075241923332214,0.4479942321777344,0.09591784328222275,0.3097060594858014,10.181005944810334,0.5520057678222656,128
258,0.2901124060153961,0.25067442655563354,0.4478643238544464,0.0958823561668396,0.30964876257921586,10.182613019108862,0.5521356761455536,128
259,0.2900533378124237,0.2505926489830017,0.44789600372314453,0.09584739804267883,0.3095923094049315,10.184196719107403,0.5521039962768555,128
260,0.2899690866470337,0.2504979074001312,0.4478537142276764,0.09578832238912582,0.3094968859118389,10.186874323374607,0.5521462857723236,128
261,0.28992411494255066,0.25044968724250793,0.44782188534736633,0.095721036195755,0.309388164278718,10.189926082711807,0.5521781146526337,128
262,0.2898593544960022,0.25038591027259827,0.4477531909942627,0.09566865116357803,0.3093034936168326,10.192303486768111,0.5522468090057373,128
263,0.2897986173629761,0.25033047795295715,0.44767120480537415,0.0956430435180664,0.30926209518475817,10.193466119216016,0.5523287951946259,128
264,0.2896856367588043,0.2502248287200928,0.4475289285182953,0.09559807926416397,0.30918939060738154,10.195508329323136,0.5524710714817047,128
265,0.28963515162467957,0.25017449259757996,0.4474778175354004,0.09556576609611511,0.3091371315389258,10.19697653903287,0.5525221824645996,128
266,0.28959596157073975,0.25012582540512085,0.44747647643089294,0.09550101310014725,0.3090323819604464,10.199920208256902,0.5525235235691071,128
267,0.2894849479198456,0.2500024139881134,0.4474150240421295,0.09542623162269592,0.3089113653181053,10.203322256474754,0.5525849759578705,128
268,0.2894356846809387,0.24995291233062744,0.44736674427986145,0.0954231545329094,0.3089063847396317,10.203462300217126,0.5526332557201385,128
269,0.2893573045730591,0.24988634884357452,0.4472411572933197,0.09541573375463486,0.30889437313527557,10.203800051404341,0.5527588427066803,128
270,0.2892725169658661,0.24980394542217255,0.44714686274528503,0.09535632282495499,0.3087981910972844,10.206505042920854,0.552853137254715,128
271,0.2892439365386963,0.24975979328155518,0.44718047976493835,0.09531555324792862,0.3087321707369166,10.20836226517597,0.5528195202350616,128
272,0.2891771197319031,0.24967515468597412,0.44718503952026367,0.09523951262235641,0.3086089963406064,10.211828352593157,0.5528149604797363,128
273,0.2891230285167694,0.24961741268634796,0.4471454918384552,0.09521011263132095,0.3085613595888522,10.213169206264643,0.5528545081615448,128
274,0.28908103704452515,0.24956007301807404,0.44716477394104004,0.09515976160764694,0.30847975882972767,10.215466541629723,0.55283522605896,128
275,0.28901875019073486,0.2494836449623108,0.4471592605113983,0.09510686993598938,0.3083940173479203,10.217881107076192,0.5528407394886017,128
276,0.28893786668777466,0.2494167536497116,0.44702228903770447,0.09508898854255676,0.30836502483672945,10.218697716919682,0.5529777109622955,128
277,0.2888714075088501,0.24935811758041382,0.4469245374202728,0.09505818039178848,0.30831506676091663,10.22010502790457,0.5530754625797272,128
278,0.28879278898239136,0.24928008019924164,0.44684353470802307,0.09503009170293808,0.30826951147159865,10.221388511889472,0.5531564652919769,128
279,0.2887346148490906,0.24921715259552002,0.4468044340610504,0.09501828998327255,0.30825036899129993,10.221927892618046,0.5531955659389496,128
280,0.2887151837348938,0.24917738139629364,0.44686639308929443,0.09499606490135193,0.3082143165093924,10.222943840121347,0.5531336069107056,128
281,0.2886665165424347,0.2491064816713333,0.44690656661987305,0.09492533653974533,0.3080995562147815,10.226178540193525,0.553093433380127,128
282,0.2885909378528595,0.24901942908763885,0.44687700271606445,0.09486810117959976,0.3080066576871347,10.228797914404455,0.5531229972839355,128
283,0.28854191303253174,0.24896860122680664,0.44683513045310974,0.09485097974538803,0.30797886249771755,10.229581783309632,0.5531648695468903,128
284,0.2884540259838104,0.24888263642787933,0.4467395544052124,0.09480676800012589,0.3079070768919186,10.231606579824241,0.5532604455947876,128
285,0.28838229179382324,0.24882711470127106,0.44660305976867676,0.0947859063744545,0.30787319853221146,10.232562322335868,0.5533969402313232,128
286,0.2883472144603729,0.24880021810531616,0.4465351402759552,0.0947762057185173,0.3078574438250882,10.233006814254331,0.5534648597240448,128
287,0.28829145431518555,0.24872420728206635,0.4465603828430176,0.09472795575857162,0.307779069721402,10.235218342658122,0.5534396171569824,128
288,0.28825798630714417,0.24866950511932373,0.44661185145378113,0.0946803018450737,0.30770164420274665,10.237403657316511,0.5533881485462189,128
289,0.28821080923080444,0.2486107349395752,0.4466111660003662,0.09464184194803238,0.30763914241856866,10.239168154689832,0.5533888339996338,128
290,0.288130521774292,0.24851183593273163,0.44660529494285583,0.09458514302968979,0.3075469769477336,10.241770746289532,0.5533947050571442,128
291,0.28809869289398193,0.24847595393657684,0.4465896189212799,0.09457626193761826,0.30753253801446484,10.242178547159837,0.5534103810787201,128
292,0.2880569398403168,0.24843545258045197,0.4465428590774536,0.09455141425132751,0.3074921368934944,10.24331970357991,0.5534571409225464,128
293,0.2879917323589325,0.24835944175720215,0.4465208947658539,0.09449852257966995,0.3074061199450492,10.245749808778523,0.5534791052341461,128
294,0.28794294595718384,0.2482985258102417,0.44652053713798523,0.0944676399230957,0.3073558848030987,10.247169339901376,0.5534794628620148,128
295,0.2878936529159546,0.24825024604797363,0.44646725058555603,0.09443610906600952,0.3073045867962428,10.248619144622369,0.553532749414444,128
296,0.2878320515155792,0.24818556010723114,0.4464179575443268,0.0944012701511383,0.30724789690271,10.250221618529011,0.5535820424556732,128
297,0.28777554631233215,0.24814896285533905,0.4462818205356598,0.09439671784639359,0.30724048861827047,10.250431053052104,0.5537181794643402,128
298,0.28773608803749084,0.24811583757400513,0.44621703028678894,0.09438686817884445,0.30722445895280615,10.250884234004387,0.5537829697132111,128
299,0.2877032458782196,0.2480638474225998,0.44626080989837646,0.09433790296316147,0.3071447589706871,10.253137814528266,0.5537391901016235,128
300,0.28764092922210693,0.24799054861068726,0.44624242186546326,0.09430395811796188,0.30708949529080587,10.254700782473794,0.5537575781345367,128
301,0.2875883877277374,0.2479371279478073,0.4461934268474579,0.09427988529205322,0.3070502976583042,10.25580954081837,0.5538065731525421,128
302,0.2875521183013916,0.2478979378938675,0.44616878032684326,0.09426241368055344,0.30702184560801765,10.25661443441724,0.5538312196731567,128
303,0.287500262260437,0.2478371262550354,0.44615283608436584,0.09422379732131958,0.30695895054765804,10.258393967450896,0.5538471639156342,128
304,0.28745949268341064,0.2477879673242569,0.4461456537246704,0.0941917896270752,0.3069068093527336,10.259869510460142,0.5538543462753296,128
305,0.28740864992141724,0.24774348735809326,0.4460693299770355,0.09417656064033508,0.30688199790853665,10.26057173723064,0.5539306700229645,128
306,0.2873646318912506,0.24769490957260132,0.44604358077049255,0.09414678812026978,0.30683348598265764,10.26194491175794,0.5539564192295074,128
307,0.2873219847679138,0.24764955043792725,0.44601166248321533,0.0941111147403717,0.3067753489776708,10.263590818992018,0.5539883375167847,128
308,0.28726667165756226,0.24760013818740845,0.4459328353404999,0.09408453851938248,0.30673203047510783,10.264817404833934,0.5540671646595001,128
309,0.28721868991851807,0.24754826724529266,0.4459003210067749,0.09406125545501709,0.30669407469825216,10.265892284713305,0.5540996789932251,128
310,0.2871842384338379,0.24750488996505737,0.4459015429019928,0.09404214471578598,0.3066629170861485,10.266774744956484,0.5540984570980072,128
311,0.2871663272380829,0.24747884273529053,0.4459162652492523,0.0940314531326294,0.30664548444845785,10.26726851926834,0.5540837347507477,128
312,0.2871033251285553,0.2474142462015152,0.4458596706390381,0.09399986267089844,0.30659397037596553,10.268727804203552,0.5541403293609619,128
313,0.2870640158653259,0.24736569821834564,0.44585728645324707,0.09396791458129883,0.3065418643208442,10.270204108210777,0.5541427135467529,128
314,0.2870230972766876,0.24732422828674316,0.44581854343414307,0.09394171088933945,0.3064991205359967,10.271415341414674,0.5541814565658569,128
315,0.2869817018508911,0.24728088080883026,0.44578492641448975,0.09392833709716797,0.3064773027438867,10.272033658619366,0.5542150735855103,128
316,0.28697454929351807,0.24726848304271698,0.4457988440990448,0.09392791986465454,0.306476622052408,10.272052950154393,0.5542011559009552,128
317,0.2869316041469574,0.24721677601337433,0.4457909166812897,0.0938817635178566,0.3064013112208507,10.274187605486361,0.5542090833187103,128
318,0.28688928484916687,0.24716313183307648,0.44579386711120605,0.09385425597429276,0.30635641983528394,10.275460283418445,0.554206132888794,128
319,0.286847323179245,0.24712085723876953,0.44575318694114685,0.09385126829147339,0.3063515436414078,10.275598535520075,0.5542468130588531,128
320,0.28681546449661255,0.2470865398645401,0.44573116302490234,0.09382840245962143,0.3063142217717314,10.276656775295992,0.5542688369750977,128
321,0.2867888808250427,0.2470359057188034,0.4458007514476776,0.09378644078969955,0.3062457196267395,10.278599449091661,0.5541992485523224,128
322,0.28673815727233887,0.24698512256145477,0.44575026631355286,0.09374510496854782,0.3061782241906629,10.280513998372438,0.5542497336864471,128
323,0.28669473528862,0.24695903062820435,0.445637583732605,0.09372203797101974,0.306140552640482,10.28158275843602,0.554362416267395,128
324,0.2866446375846863,0.24690759181976318,0.4455927610397339,0.09368600696325302,0.30608169981763533,10.283252704678947,0.5544072389602661,128
325,0.2866066098213196,0.24686361849308014,0.44557854533195496,0.09366878867149353,0.3060535715712096,10.284050955835175,0.554421454668045,128
326,0.28656232357025146,0.24684250354766846,0.4454415738582611,0.0936632826924324,0.3060445763159877,10.28430624755372,0.5545584261417389,128
327,0.2864980399608612,0.24679601192474365,0.4453061521053314,0.09365030378103256,0.30602337129871726,10.284908090667313,0.5546938478946686,128
328,0.28647229075431824,0.2467624396085739,0.44531169533729553,0.09366943687200546,0.3060546305351472,10.28402090218175,0.5546883046627045,128
329,0.2864426374435425,0.2467249482870102,0.44531330466270447,0.09363146871328354,0.3059925958471602,10.285781637078111,0.5546866953372955,128
330,0.2863863706588745,0.2466861605644226,0.4451870918273926,0.09357690066099167,0.30590341721038633,10.28831342609199,0.5548129081726074,128
331,0.2863403260707855,0.24663250148296356,0.44517162442207336,0.09353441745042801,0.3058339703996729,10.290285538137898,0.5548283755779266,128
332,0.28631791472435,0.24659915268421173,0.44519293308258057,0.09349086880683899,0.30576276556644205,10.292308038550024,0.5548070669174194,128
333,0.286297470331192,0.24657638370990753,0.4451817572116852,0.09348414093255997,0.30575176358045747,10.292620580710235,0.5548182427883148,128
334,0.2862451672554016,0.2465306967496872,0.44510307908058167,0.09348273277282715,0.30574946078910287,10.29268599935781,0.5548969209194183,128
335,0.28618183732032776,0.24647092819213867,0.4450255334377289,0.09345591813325882,0.30570560697059324,10.29393191078487,0.5549744665622711,128
336,0.28614798188209534,0.24644052982330322,0.4449777901172638,0.09344971179962158,0.30569545596822595,10.294220331893488,0.5550222098827362,128
337,0.28613221645355225,0.24642080068588257,0.44497787952423096,0.09346258640289307,0.3057165131341339,10.293622043903438,0.555022120475769,128
338,0.28607863187789917,0.246362566947937,0.4449429214000702,0.09340929985046387,0.3056293504401432,10.296098826981524,0.5550570785999298,128
339,0.2860296666622162,0.2463141679763794,0.44489166140556335,0.09337224811315536,0.3055687289516965,10.297821841425645,0.5551083385944366,128
340,0.28599366545677185,0.24627216160297394,0.4448796212673187,0.09333623200654984,0.30550979036120895,10.299497351453432,0.5551203787326813,128
341,0.28595003485679626,0.2462170124053955,0.4448821246623993,0.09328824281692505,0.30543124073500577,10.301730867791717,0.5551178753376007,128
342,0.2859368920326233,0.24620163440704346,0.44487786293029785,0.0932651236653328,0.3053933916530166,10.30280729114368,0.5551221370697021,128
343,0.28588974475860596,0.2461548000574112,0.4448295533657074,0.09325426816940308,0.3053756181645861,10.303312813055852,0.5551704466342926,128
344,0.2858552038669586,0.24611739814281464,0.44480645656585693,0.09324201196432114,0.30535555007944615,10.303883634332747,0.5551935434341431,128
345,0.285808801651001,0.2460668683052063,0.44477641582489014,0.0932147428393364,0.3053108953826188,10.305153937528939,0.5552235841751099,128
346,0.2857621908187866,0.24602599442005157,0.44470691680908203,0.0932086631655693,0.3053009386909403,10.305437203329465,0.555293083190918,128
347,0.2857446074485779,0.2460123896598816,0.4446733891963959,0.09318237751722336,0.30525788690420985,10.30666212401787,0.5553266108036041,128
348,0.28570666909217834,0.24595926702022552,0.44469621777534485,0.09312640875577927,0.3051661985800185,10.309271440029796,0.5553037822246552,128
349,0.28567251563072205,0.24591855704784393,0.4446883499622345,0.09311237931251526,0.30514321115259185,10.309925751611388,0.5553116500377655,128
350,0.28564080595970154,0.24588246643543243,0.44467413425445557,0.0930832028388977,0.30509539957019627,10.311286813075595,0.5553258657455444,128
351,0.2856009006500244,0.24583017826080322,0.4446837902069092,0.09300518780946732,0.30496751926962207,10.314928254502185,0.5553162097930908,128
352,0.2855570614337921,0.24578237533569336,0.44465574622154236,0.09297308325767517,0.3049148787082637,10.316427658677824,0.5553442537784576,128
353,0.2855147421360016,0.24574130773544312,0.4446084201335907,0.09296677261590958,0.3049045303302487,10.3167224504406,0.5553915798664093,128
354,0.28549107909202576,0.24570311605930328,0.44464293122291565,0.09291737526655197,0.30482351495012977,10.319030661976976,0.5553570687770844,128
355,0.2854629456996918,0.2456667423248291,0.44464778900146484,0.09286253899335861,0.3047335540982624,10.32159445813512,0.5553522109985352,128
356,0.28542253375053406,0.2456366866827011,0.44456592202186584,0.09286051243543625,0.3047302289492072,10.321689236130123,0.5554340779781342,128
357,0.28538018465042114,0.24559231102466583,0.44453164935112,0.09284793585538864,0.30470959265403613,10.32227746346912,0.55546835064888,128
358,0.28534936904907227,0.24555914103984833,0.44451022148132324,0.09281011670827866,0.3046475286429855,10.324046807365905,0.5554897785186768,128
359,0.28531426191329956,0.24552582204341888,0.4444679915904999,0.09279646724462509,0.30462512576054046,10.324685565606453,0.5555320084095001,128
360,0.2852853238582611,0.24549829959869385,0.4444333612918854,0.0927930697798729,0.30461954924113605,10.324844572435888,0.5555666387081146,128
361,0.285237580537796,0.24544738233089447,0.44439831376075745,0.0927511677145958,0.30455076377279994,10.326806135485828,0.5556016862392426,128
362,0.28519201278686523,0.24539504945278168,0.4443798363208771,0.09269542247056961,0.3044592295703476,10.329417113940796,0.5556201636791229,128
363,0.2851422131061554,0.24533696472644806,0.44436320662498474,0.09261960536241531,0.30433469299837523,10.332970733298266,0.5556367933750153,128
364,0.2850910425186157,0.245285764336586,0.444312185049057,0.09255731105804443,0.30423233072447187,10.33589270372056,0.555687814950943,128
365,0.28504401445388794,0.24523238837718964,0.4442903995513916,0.09248471260070801,0.3041129931468039,10.339300482167438,0.5557096004486084,128
366,0.28501832485198975,0.24519865214824677,0.4442969858646393,0.09244202822446823,0.30404280656589827,10.34130533979818,0.5557030141353607,128
367,0.2849825620651245,0.2451600283384323,0.44427263736724854,0.09243468195199966,0.304030725342028,10.341650482849548,0.5557273626327515,128
368,0.2849469482898712,0.24512434005737305,0.4442373514175415,0.09241127967834473,0.30399223621392824,10.342750152895462,0.5557626485824585,128
369,0.2849220931529999,0.24509991705417633,0.4442107379436493,0.09238656610250473,0.30395158512912007,10.343911743240026,0.5557892620563507,128
370,0.2848828136920929,0.24506080150604248,0.4441708028316498,0.09237632900476456,0.3039347446488548,10.344392999507031,0.5558291971683502,128
371,0.2848375141620636,0.2450033277273178,0.44417425990104675,0.09235059469938278,0.3038924064523212,10.345603030688084,0.5558257400989532,128
372,0.28480735421180725,0.24496804177761078,0.44416454434394836,0.0923362597823143,0.30386882002323684,10.346277207028855,0.5558354556560516,128
373,0.28477442264556885,0.24493031203746796,0.44415077567100525,0.0923248752951622,0.3038500868770029,10.346812698154078,0.5558492243289948,128
374,0.28474295139312744,0.24488766491413116,0.4441640377044678,0.09229662269353867,0.3038035922986077,10.348141898621051,0.5558359622955322,128
375,0.2846980094909668,0.24483804404735565,0.4441377818584442,0.09226313978433609,0.30374848112268166,10.349717696363017,0.5558622181415558,128
376,0.28465956449508667,0.24480347335338593,0.4440838098526001,0.09225470572710037,0.3037345975141791,10.350114716445919,0.5559161901473999,128
377,0.28462088108062744,0.24477051198482513,0.4440222680568695,0.09225339442491531,0.3037324388749337,10.350176447210263,0.5559777319431305,128
378,0.28458577394485474,0.24473631381988525,0.4439835846424103,0.09223151206970215,0.3036964143181512,10.351206708854422,0.5560164153575897,128
379,0.28455305099487305,0.24470387399196625,0.44394978880882263,0.09219267219305038,0.3036324623505372,10.353035963993184,0.5560502111911774,128
380,0.2845166027545929,0.2446652203798294,0.44392216205596924,0.0921647772192955,0.3035865234480864,10.354350218805507,0.5560778379440308,128
381,0.2844686210155487,0.24462001025676727,0.44386300444602966,0.09214261919260025,0.30355002749563414,10.355394464337362,0.5561369955539703,128
382,0.28442102670669556,0.24457566440105438,0.44380250573158264,0.09212961047887802,0.303528599111975,10.35600764545527,0.5561974942684174,128
383,0.2843742370605469,0.24452316761016846,0.44377848505973816,0.09210779517889023,0.30349266083200466,10.357036129807396,0.5562215149402618,128
384,0.2843574285507202,0.2445070743560791,0.44375887513160706,0.09209968894720078,0.30347930563252706,10.357418360931925,0.5562411248683929,128
385,0.28431594371795654,0.24446332454681396,0.44372645020484924,0.09208944439888,0.30346242666742124,10.357901467695525,0.5562735497951508,128
386,0.28427714109420776,0.24442823231220245,0.443672776222229,0.09207914024591446,0.30344544855033573,10.358387439478614,0.556327223777771,128
387,0.28423789143562317,0.2443917989730835,0.44362226128578186,0.09206036478281021,0.3034145098422457,10.359273081051231,0.5563777387142181,128
388,0.28421550989151,0.2443634420633316,0.4436236619949341,0.09203919023275375,0.30337961406916214,10.36027210468017,0.5563763380050659,128
389,0.28419050574302673,0.24434064328670502,0.4435899257659912,0.09203007817268372,0.303364596109506,10.360702086006267,0.5564100742340088,128
390,0.28416144847869873,0.24431242048740387,0.4435575306415558,0.09200616925954819,0.303325187314783,10.36183050600342,0.5564424693584442,128
391,0.28412312269210815,0.2442672699689865,0.4435466229915619,0.09196445345878601,0.30325641536294995,10.363800053325956,0.5564533770084381,128
392,0.2841011881828308,0.2442336231470108,0.4435713589191437,0.09194072335958481,0.30321728736928044,10.36492083212755,0.5564286410808563,128
393,0.28407540917396545,0.24419671297073364,0.4435902535915375,0.09192126989364624,0.3031852072473956,10.365839840214417,0.5564097464084625,128
394,0.2840655744075775,0.24418263137340546,0.44359731674194336,0.09190843254327774,0.3031640357022543,10.366446400564175,0.5564026832580566,128
395,0.28403544425964355,0.2441440373659134,0.443601131439209,0.09187212586402893,0.30310415019268366,10.368162337307279,0.556398868560791,128
396,0.2839928865432739,0.24410183727741241,0.44355711340904236,0.0918492004275322,0.30306633007896505,10.369246195213986,0.5564428865909576,128
397,0.2839556336402893,0.24407289922237396,0.4434865415096283,0.09186308830976486,0.30308924149458827,10.368589578210806,0.5565134584903717,128
398,0.28391459584236145,0.24404019117355347,0.4434122145175934,0.09184879064559937,0.3030656540183981,10.369265571150649,0.5565877854824066,128
399,0.2838771641254425,0.24400682747364044,0.44335854053497314,0.09180448204278946,0.30299254453334235,10.371361148514657,0.5566414594650269,128
400,0.2838386595249176,0.24397395551204681,0.443297415971756,0.09178489446640015,0.30296021928035394,10.37228786622834,0.556702584028244,128
401,0.283819317817688,0.24396125972270966,0.44325146079063416,0.09178829193115234,0.3029658263421014,10.372127112882836,0.5567485392093658,128
402,0.28378939628601074,0.24394237995147705,0.4431774318218231,0.09178902953863144,0.3029670436510074,10.372092213271591,0.5568225681781769,128
403,0.2837579846382141,0.2439078688621521,0.44315841794013977,0.09177105873823166,0.30293738418727995,10.372942574538978,0.5568415820598602,128
404,0.28373852372169495,0.243877112865448,0.44318410754203796,0.09175655990839005,0.30291345283494764,10.373628766824037,0.556815892457962,128
405,0.283710777759552,0.24385231733322144,0.4431445598602295,0.09174995869398117,0.302902556433552,10.373941221227463,0.5568554401397705,128
406,0.2836788296699524,0.2438192367553711,0.4431172311306,0.09172726422548294,0.3028650924512149,10.375015587006626,0.5568827688694,128
407,0.28365394473075867,0.24378709495067596,0.4431212842464447,0.09168943017721176,0.3028026257766134,10.376807258005918,0.5568787157535553,128
408,0.283638596534729,0.24376559257507324,0.44313064217567444,0.09166789054870605,0.30276705657767006,10.377827619974347,0.5568693578243256,128
409,0.28360262513160706,0.24373985826969147,0.44305363297462463,0.0916687548160553,0.3027684838553301,10.377786673818765,0.5569463670253754,128
410,0.28357258439064026,0.24372483789920807,0.44296348094940186,0.0916738510131836,0.3027768997350749,10.37754524054365,0.5570365190505981,128
411,0.28355470299720764,0.24370484054088593,0.44295409321784973,0.09164667874574661,0.3027320246451416,10.378832686733965,0.5570459067821503,128
412,0.28354018926620483,0.24368353188037872,0.4429667294025421,0.09162086248397827,0.30268938283986485,10.380056237834836,0.5570332705974579,128
413,0.2835250794887543,0.24366791546344757,0.4429536759853363,0.0916311964392662,0.3027064525894124,10.379566422900803,0.5570463240146637,128
414,0.2835078835487366,0.24364502727985382,0.4429593086242676,0.09162122011184692,0.3026899735898877,10.380039285854423,0.5570406913757324,128
415,0.2834697365760803,0.24359993636608124,0.4429488480091095,0.09156858175992966,0.3026030101633651,10.382535117625054,0.5570511519908905,128
416,0.2834317982196808,0.24356390535831451,0.4429032802581787,0.09152180701494217,0.3025257129814624,10.384754132418369,0.5570967197418213,128
417,0.28338462114334106,0.2435162514448166,0.44285812973976135,0.09147832542657852,0.3024538401584257,10.386817935758126,0.5571418702602386,128
418,0.2833462357521057,0.24347998201847076,0.4428112506866455,0.09146115183830261,0.30242544839729113,10.38763333052671,0.5571887493133545,128
419,0.28330478072166443,0.2434369921684265,0.4427759647369385,0.09143031388521194,0.302374459710492,10.389097887981018,0.5572240352630615,128
420,0.2832535207271576,0.24339158833026886,0.44270122051239014,0.09137492626905441,0.3022828580469862,10.391729599933308,0.5572987794876099,128
421,0.283234179019928,0.24335211515426636,0.4427623748779297,0.09132698178291321,0.3022035436306352,10.394008944078752,0.5572376251220703,128
422,0.2832144498825073,0.24331627786159515,0.4428071975708008,0.09130238741636276,0.3021628491664102,10.395178657118716,0.5571928024291992,128
423,0.28322580456733704,0.2433251589536667,0.44282838702201843,0.09131567925214767,0.30218484285640085,10.394546455601644,0.5571716129779816,128
424,0.28321412205696106,0.24331490695476532,0.44281092286109924,0.0913107767701149,0.3021767310203003,10.394779622355138,0.5571890771389008,128
425,0.2831990420818329,0.24328209459781647,0.4428667724132538,0.0913047268986702,0.30216672036918657,10.395067377308028,0.5571332275867462,128
426,0.28319570422172546,0.24327532947063446,0.4428771436214447,0.09130632877349854,0.3021693710049027,10.39499118417773,0.5571228563785553,128
427,0.28315526247024536,0.24324703216552734,0.44278809428215027,0.09130316227674484,0.3021641313537145,10.395141799795553,0.5572119057178497,128
428,0.28314048051834106,0.2432461977005005,0.44271767139434814,0.09128423780202866,0.30213281483815796,10.396042058516475,0.5572823286056519,128
429,0.2831141948699951,0.24322223663330078,0.44268205761909485,0.09124147891998291,0.3020620448185818,10.398076834456838,0.5573179423809052,128
430,0.28307878971099854,0.24319688975811005,0.4426063597202301,0.09123765677213669,0.3020557179927847,10.398258766238877,0.5573936402797699,128
431,0.28304290771484375,0.2431764453649521,0.442508727312088,0.09125445038080215,0.30208351557276697,10.397459458071411,0.557491272687912,128
432,0.2830272912979126,0.2431662678718567,0.44247138500213623,0.09124668687582016,0.30207066536792376,10.397828951371338,0.5575286149978638,128
433,0.2829778492450714,0.24311824142932892,0.44241631031036377,0.09121811389923096,0.3020233664788719,10.399189113561453,0.5575836896896362,128
434,0.28293535113334656,0.2430780678987503,0.4423644244670868,0.09118785709142685,0.3019732721474317,10.400629895867436,0.5576355755329132,128
435,0.28281110525131226,0.24296016991138458,0.44221481680870056,0.09107693284749985,0.30178955059362117,10.405916028527244,0.5577851831912994,128
436,0.2827577590942383,0.2429160624742508,0.44212445616722107,0.09102115780115128,0.30169712925573433,10.408576440341742,0.5578755438327789,128
437,0.2827497124671936,0.24288882315158844,0.44219326972961426,0.09099171310663223,0.30164832687524096,10.409981579262377,0.5578067302703857,128
438,0.2827540338039398,0.2428668737411499,0.4423027038574219,0.09095976501703262,0.3015953663719531,10.411506697858925,0.5576972961425781,128
439,0.2827402353286743,0.24284584820270538,0.4423178732395172,0.09092513471841812,0.3015379490518865,10.413160463265731,0.5576821267604828,128
440,0.2827317416667938,0.2428370863199234,0.44231030344963074,0.09091881662607193,0.3015274724234459,10.41346225088307,0.5576896965503693,128
441,0.28271910548210144,0.24281983077526093,0.4423161447048187,0.09092342108488083,0.3015351075494872,10.413242313966736,0.5576838552951813,128
442,0.2826867699623108,0.24278287589550018,0.44230231642723083,0.09091208130121231,0.3015163035413049,10.413783990967051,0.5576976835727692,128
443,0.28267669677734375,0.242776557803154,0.44227734208106995,0.09090448170900345,0.3015037009872407,10.414147044905008,0.55772265791893,128
444,0.2826371490955353,0.2427472323179245,0.4421968460083008,0.0908862054347992,0.3014733909233105,10.415020278311996,0.5578031539916992,128
445,0.28261101245880127,0.24272185564041138,0.4421675205230713,0.09087010473012924,0.3014466863810734,10.415789709337215,0.5578324794769287,128
446,0.2825775146484375,0.2426881343126297,0.4421350955963135,0.0908520296216011,0.30141670428428663,10.416653656917275,0.5578649044036865,128
447,0.28254643082618713,0.24266748130321503,0.44206228852272034,0.0908220037817955,0.3013668923120048,10.418089201271322,0.5579377114772797,128
448,0.28251007199287415,0.242653489112854,0.4419363737106323,0.0908280611038208,0.3013769418914141,10.41779956068898,0.5580636262893677,128
449,0.2824796736240387,0.242622971534729,0.44190648198127747,0.0908309817314148,0.3013817873253372,10.417659913091297,0.5580935180187225,128
450,0.28247275948524475,0.24260783195495605,0.44193246960639954,0.09081456065177917,0.3013545431079133,10.418445132942074,0.5580675303936005,128
451,0.2824704051017761,0.24261105060577393,0.44190773367881775,0.09080991894006729,0.30134684159630293,10.418667115109434,0.5580922663211823,128
452,0.2824873626232147,0.2426249384880066,0.44193708896636963,0.09083978086709976,0.30139638496023763,10.417239216219922,0.5580629110336304,128
453,0.28248003125190735,0.24260562658309937,0.4419776201248169,0.09083985537290573,0.3013965085612402,10.417235654185008,0.5580223798751831,128
454,0.28244468569755554,0.2425726056098938,0.44193291664123535,0.09081530570983887,0.3013557792872718,10.418409502832318,0.5580670833587646,128
455,0.28241264820098877,0.2425384521484375,0.44190946221351624,0.09076700359582901,0.30127562728476565,10.420720007873324,0.5580905377864838,128
456,0.28237879276275635,0.24250483512878418,0.44187459349632263,0.09073912352323532,0.30122935368790893,10.422054195534818,0.5581254065036774,128
457,0.2823695242404938,0.242492213845253,0.44187870621681213,0.09073338657617569,0.3012198309809228,10.4223287852727,0.5581212937831879,128
458,0.28236037492752075,0.242470845580101,0.4419185221195221,0.09072086960077286,0.30119905312064454,10.422927950424814,0.5580814778804779,128
459,0.2823682725429535,0.24247567355632782,0.4419386088848114,0.09072595834732056,0.3012075004831728,10.422684351286861,0.5580613911151886,128
460,0.2823628783226013,0.24246537685394287,0.44195279479026794,0.09074067324399948,0.30123192600386745,10.421980023622835,0.5580472052097321,128
461,0.2823701500892639,0.24246276915073395,0.4419995844364166,0.09074785560369492,0.3012438474121835,10.421636281877745,0.5580004155635834,128
462,0.2823704481124878,0.24246728420257568,0.4419831931591034,0.09074270725250244,0.3012353021352286,10.421882674910723,0.5580168068408966,128
463,0.2823340892791748,0.24243533611297607,0.4419291317462921,0.09071692079305649,0.301192497903013,10.423116989918293,0.5580708682537079,128
464,0.28231507539749146,0.24240648746490479,0.44194936752319336,0.09068632125854492,0.3011416963134546,10.424582146654002,0.5580506324768066,128
465,0.2822890281677246,0.2423761636018753,0.4419405460357666,0.09065371006727219,0.3010875455200234,10.426144169165143,0.5580594539642334,128
466,0.2822522819042206,0.24235035479068756,0.44185999035835266,0.09062075614929199,0.3010328157349162,10.427723178628138,0.5581400096416473,128
467,0.28223931789398193,0.2423357218503952,0.44185367226600647,0.09060371667146683,0.3010045127094722,10.42853986205863,0.5581463277339935,128
468,0.2822315990924835,0.24232007563114166,0.44187769293785095,0.0905950590968132,0.30099013122827334,10.428954868935085,0.558122307062149,128
469,0.28220444917678833,0.24229855835437775,0.4418279826641083,0.09059268236160278,0.3009861830077965,10.429068806332554,0.5581720173358917,128
470,0.2821853458881378,0.24228687584400177,0.44177913665771484,0.09058315306901932,0.30097035247515547,10.42952565745454,0.5582208633422852,128
471,0.2821770906448364,0.24228136241436005,0.44175997376441956,0.09057724475860596,0.30096053687918284,10.429808936431487,0.5582400262355804,128
472,0.2821430265903473,0.24225075542926788,0.4417121112346649,0.09057287126779556,0.30095327090396534,10.430018639076513,0.5582878887653351,128
473,0.28213661909103394,0.2422439306974411,0.4417073428630829,0.09058195352554321,0.30096835967513796,10.4295831690937,0.5582926571369171,128
474,0.28212565183639526,0.24223612248897552,0.44168367981910706,0.09058255702257156,0.30096936226561594,10.42955423457135,0.5583163201808929,128
475,0.28210878372192383,0.24222813546657562,0.4416312873363495,0.09057723730802536,0.30096052450118,10.429809293667587,0.5583687126636505,128
476,0.2820950448513031,0.24221636354923248,0.44160977005958557,0.09058353304862976,0.30097098373203646,10.429507439640727,0.5583902299404144,128
477,0.28208521008491516,0.24220609664916992,0.44160163402557373,0.09059194475412369,0.30098495768746264,10.429104166822318,0.5583983659744263,128
478,0.2820737659931183,0.2421995848417282,0.4415704905986786,0.09058103710412979,0.30096683721654416,10.429627107070338,0.5584295094013214,128
479,0.2820492684841156,0.24216733872890472,0.4415769577026367,0.0905451774597168,0.3009072572400287,10.431346752778758,0.5584230422973633,128
480,0.2820397913455963,0.24214522540569305,0.4416179955005646,0.09053173661231995,0.3008849225406949,10.43199148276996,0.5583820044994354,128
481,0.28203147649765015,0.24214212596416473,0.44158875942230225,0.09054577350616455,0.3009082476539394,10.431318163864564,0.5584112405776978,128
482,0.2820145785808563,0.2421264499425888,0.4415670335292816,0.09053441882133484,0.3008893797084484,10.43186281503849,0.5584329664707184,128
483,0.2820054292678833,0.24211080372333527,0.44158387184143066,0.09051070362329483,0.30084996862771124,10.433000584402778,0.5584161281585693,128
484,0.2819995582103729,0.24210457503795624,0.4415794312953949,0.0905170813202858,0.300860567905277,10.432694576282602,0.5584205687046051,128
485,0.28198206424713135,0.24208424985408783,0.4415734112262726,0.09050565212965012,0.30084157314049886,10.433242975296604,0.5584265887737274,128
486,0.28197503089904785,0.24207861721515656,0.44156062602996826,0.09048900753259659,0.30081390847598216,10.434041745456977,0.5584393739700317,128
487,0.28195613622665405,0.24205857515335083,0.4415462911128998,0.09048794955015182,0.3008121499377175,10.434092522743171,0.5584537088871002,128
488,0.2819509506225586,0.24204961955547333,0.4415562152862549,0.0904858186841011,0.30080860806183907,10.434194794290647,0.5584437847137451,128
489,0.28193214535713196,0.24203558266162872,0.4415183365345001,0.09047436714172363,0.3007895728607021,10.434744455713936,0.5584816634654999,128
490,0.28191691637039185,0.24202638864517212,0.4414789378643036,0.09047520905733109,0.30079097236674357,10.434704042322556,0.5585210621356964,128
491,0.2819124162197113,0.24202072620391846,0.4414791166782379,0.0904758870601654,0.3007920993978489,10.43467149729844,0.5585208833217621,128
492,0.2819053828716278,0.24200890958309174,0.4414912164211273,0.09047136455774307,0.3007845816489653,10.43488858795078,0.5585087835788727,128
493,0.28189247846603394,0.24199287593364716,0.44149088859558105,0.09046926349401474,0.3007810889900074,10.434989447596534,0.558509111404419,128
494,0.28188955783843994,0.2419947385787964,0.4414687156677246,0.09047523885965347,0.30079102190666107,10.43470261176692,0.5585312843322754,128
495,0.28187254071235657,0.24197399616241455,0.44146665930747986,0.09045890718698502,0.3007638728088615,10.435486626889169,0.5585333406925201,128
496,0.28185904026031494,0.24195782840251923,0.4414639472961426,0.09043959528207779,0.3007317663335182,10.436413893134535,0.5585360527038574,128
497,0.28184548020362854,0.24194498360157013,0.441447377204895,0.09042316675186157,0.30070445083480485,10.437202869256561,0.558552622795105,128
498,0.2818335294723511,0.24193327128887177,0.4414345920085907,0.09041617065668106,0.3006928177670379,10.4375388985269,0.5585654079914093,128
499,0.28181907534599304,0.2419155389070511,0.4414331614971161,0.09041982144117355,0.30069888832713293,10.437363544545676,0.5585668385028839,128
500,0.2818124294281006,0.24190907180309296,0.4414258897304535,0.09041386842727661,0.30068898953449663,10.437649482535004,0.5585741102695465,128
